Level,Name,Code,Parent
Province,AGUSAN DEL NORTE,ADU,Region XIII
Municipality,BUENAVISTA,BUE,AGUSAN DEL NORTE
Barangay,ABILAN,ABI,BUENAVISTA
Barangay,AGONG-ONG,AGO,BUENAVISTA
Barangay,ALUBIJID,ALU,BUENAVISTA
Barangay,GUINABSAN,GUI,BUENAVISTA
Barangay,LOWER OLAVE,LOW,BUENAVISTA
Barangay,MACALANG,MAC,BUENAVISTA
Barangay,MALAPONG,MAL,BUENAVISTA
Barangay,MALPOC,MA1,BUENAVISTA
Barangay,MANAPA,MAN,BUENAVISTA
Barangay,MATABAO,MAT,BUENAVISTA
Barangay,POBLACION 1,PO1,BUENAVISTA
Barangay,POBLACION 2,PO2,BUENAVISTA
Barangay,POBLACION 3,PO3,BUENAVISTA
Barangay,POBLACION 4,PO4,BUENAVISTA
Barangay,POBLACION 5,PO5,BUENAVISTA
Barangay,POBLACION 6,PO6,BUENAVISTA
Barangay,POBLACION 7,PO7,BUENAVISTA
Barangay,POBLACION 8,PO8,BUENAVISTA
Barangay,POBLACION 9,PO9,BUENAVISTA
Barangay,POBLACION 10,PO10,BUENAVISTA
Barangay,RIZAL,RIZ,BUENAVISTA
Barangay,SACOL,SAC,BUENAVISTA
Barangay,SANGAY,SAN,BUENAVISTA
Barangay,SIMBALAN,SIM,BUENAVISTA
Barangay,TALO-AO,TAL,BUENAVISTA
Municipality,BUTUAN CITY,BTU,AGUSAN DEL NORTE
Barangay,AGAO POB. (BGY. 3),APA,BUTUAN CITY
Barangay,AGUSAN PEQUEÃ‘O,APU,BUTUAN CITY
Barangay,AMBAGO,AMB,BUTUAN CITY
Barangay,AMPARO,AMP,BUTUAN CITY
Barangay,AMPAYON,AM1,BUTUAN CITY
Barangay,ANTICALA,ANT,BUTUAN CITY
Barangay,ANTONGALON,AN1,BUTUAN CITY
Barangay,AUPAGAN,AUP,BUTUAN CITY
Barangay,BAAN KM 3,BK3,BUTUAN CITY
Barangay,BAAN RIVERSIDE POB. (BGY. 20),BRA,BUTUAN CITY
Barangay,BABAG,BAB,BUTUAN CITY
Barangay,BADING POB. (BGY. 22),BPD,BUTUAN CITY
Barangay,BANCASI,BAN,BUTUAN CITY
Barangay,BANZA,BA1,BUTUAN CITY
Barangay,BAOBAOAN,BAO,BUTUAN CITY
Barangay,BASAG,BAS,BUTUAN CITY
Barangay,BAYANIHAN POB. (BGY. 27),BPY,BUTUAN CITY
Barangay,BILAY,BIL,BUTUAN CITY
Barangay,BIT-OS,BIT,BUTUAN CITY
Barangay,BITAN-AGAN,BI1,BUTUAN CITY
Barangay,BOBON,BOB,BUTUAN CITY
Barangay,BONBON,BON,BUTUAN CITY
Barangay,BUGABUS,BUG,BUTUAN CITY
Barangay,BUGSUKAN,BU1,BUTUAN CITY
Barangay,BUHANGIN POB. (BGY. 19),BPH,BUTUAN CITY
Barangay,CABCABON,CAB,BUTUAN CITY
Barangay,CAMAYAHAN,CAM,BUTUAN CITY
Barangay,DAGOHOY POB. (BGY. 7),DPG,BUTUAN CITY
Barangay,DANKIAS,DAN,BUTUAN CITY
Barangay,DE ORO,DOX,BUTUAN CITY
Barangay,DIEGO SILANG POB. (BGY. 6),DSE,BUTUAN CITY
Barangay,DON FRANCISCO,DFN,BUTUAN CITY
Barangay,DOONGAN,DOO,BUTUAN CITY
Barangay,DULAG,DUL,BUTUAN CITY
Barangay,DUMALAGAN,DUM,BUTUAN CITY
Barangay,FLORIDA,FLO,BUTUAN CITY
Barangay,GOLDEN RIBBON POB. (BGY. 2),GRL,BUTUAN CITY
Barangay,HOLY REDEEMER POB. (BGY. 23),HRL,BUTUAN CITY
Barangay,HUMABON POB. (BGY. 11),HPM,BUTUAN CITY
Barangay,IMADEJAS POB. (BGY. 24),IPA,BUTUAN CITY
Barangay,JOSE RIZAL POB. (BGY. 25),JRS,BUTUAN CITY
Barangay,KINAMLUTAN,KIN,BUTUAN CITY
Barangay,LAPU-LAPU POB. (BGY. 8),LPP,BUTUAN CITY
Barangay,LEMON,LEM,BUTUAN CITY
Barangay,LEON KILAT POB. (BGY. 13),LKO,BUTUAN CITY
Barangay,LIBERTAD,LIB,BUTUAN CITY
Barangay,LIMAHA POB. (BGY. 14),LPM,BUTUAN CITY
Barangay,LOS ANGELES,LAS,BUTUAN CITY
Barangay,LUMBOCAN,LUM,BUTUAN CITY
Barangay,MAGUINDA,MAG,BUTUAN CITY
Barangay,MAHAY,MAH,BUTUAN CITY
Barangay,MAHOGANY POB. (BGY. 21),MPH,BUTUAN CITY
Barangay,MAIBU,MAI,BUTUAN CITY
Barangay,MANDAMO,MAN,BUTUAN CITY
Barangay,MANILA DE BUGABUS,MDN,BUTUAN CITY
Barangay,MAON POB. (BGY. 1),MPO,BUTUAN CITY
Barangay,MASAO,MAS,BUTUAN CITY
Barangay,MAUG,MAU,BUTUAN CITY
Barangay,NEW SOCIETY VILLAGE POB. (BGY. 26),NSW,BUTUAN CITY
Barangay,NONG-NONG,NON,BUTUAN CITY
Barangay,OBRERO POB. (BGY. 18),OPR,BUTUAN CITY
Barangay,ONG YIU POB. (BGY. 16),OYG,BUTUAN CITY
Barangay,PAGATPATAN,PAG,BUTUAN CITY
Barangay,PANGABUGAN,PAN,BUTUAN CITY
Barangay,PIANING,PIA,BUTUAN CITY
Barangay,PIGDAULAN,PIG,BUTUAN CITY
Barangay,PINAMANCULAN,PIN,BUTUAN CITY
Barangay,PORT POYOHON POB. (BGY. 17 - NEW ASIA),PPR,BUTUAN CITY
Barangay,RAJAH SOLIMAN POB. (BGY. 4),RSJ,BUTUAN CITY
Barangay,SALVACION,SAL,BUTUAN CITY
Barangay,SAN IGNACIO POB. (BGY. 15),SIN,BUTUAN CITY
Barangay,SAN MATEO,SMN,BUTUAN CITY
Barangay,SAN VICENTE,SVN,BUTUAN CITY
Barangay,SANTO NIÃ‘O,SNN,BUTUAN CITY
Barangay,SIKATUNA POB. (BGY. 10),SPK,BUTUAN CITY
Barangay,SILONGAN POB. (BGY. 5),SPL,BUTUAN CITY
Barangay,SUMILE,SUM,BUTUAN CITY
Barangay,SUMILIHON,SU1,BUTUAN CITY
Barangay,TAGABACA,TAG,BUTUAN CITY
Barangay,TAGUIBO,TA1,BUTUAN CITY
Barangay,TALIGAMAN,TAL,BUTUAN CITY
Barangay,TANDANG SORA POB. (BGY. 12),TSN,BUTUAN CITY
Barangay,TINIWISAN,TIN,BUTUAN CITY
Barangay,TUNGAO,TUN,BUTUAN CITY
Barangay,URDUJA POB. (BGY. 9),UPD,BUTUAN CITY
Barangay,VILLA KANANGA,VKL,BUTUAN CITY
Municipality,CABADBARAN CITY,CCB,AGUSAN DEL NORTE
Barangay,ANTONIO LUNA,ALT,CABADBARAN CITY
Barangay,BAY-ANG,BAY,CABADBARAN CITY
Barangay,BAYABAS,BA1,CABADBARAN CITY
Barangay,CAASINAN,CAA,CABADBARAN CITY
Barangay,CABINET,CAB,CABADBARAN CITY
Barangay,CALAMBA,CAL,CABADBARAN CITY
Barangay,CALIBUNAN,CA1,CABADBARAN CITY
Barangay,COMAGASCAS,COM,CABADBARAN CITY
Barangay,CONCEPCION,CON,CABADBARAN CITY
Barangay,DEL PILAR,DPL,CABADBARAN CITY
Barangay,KATUGASAN,KAT,CABADBARAN CITY
Barangay,KAUSWAGAN,KAU,CABADBARAN CITY
Barangay,LA UNION,LUX,CABADBARAN CITY
Barangay,MABINI,MAB,CABADBARAN CITY
Barangay,MAHABA,MAH,CABADBARAN CITY
Barangay,POBLACION 1,PO1,CABADBARAN CITY
Barangay,POBLACION 2,PO2,CABADBARAN CITY
Barangay,POBLACION 3,PO3,CABADBARAN CITY
Barangay,POBLACION 4,PO4,CABADBARAN CITY
Barangay,POBLACION 5,PO5,CABADBARAN CITY
Barangay,POBLACION 6,PO6,CABADBARAN CITY
Barangay,POBLACION 7,PO7,CABADBARAN CITY
Barangay,POBLACION 8,PO8,CABADBARAN CITY
Barangay,POBLACION 9,PO9,CABADBARAN CITY
Barangay,POBLACION 10,PO10,CABADBARAN CITY
Barangay,POBLACION 11,PO11,CABADBARAN CITY
Barangay,POBLACION 12,PO12,CABADBARAN CITY
Barangay,PUTING BATO,PBT,CABADBARAN CITY
Barangay,SANGHAN,SAN,CABADBARAN CITY
Barangay,SORIANO,SOR,CABADBARAN CITY
Barangay,TOLOSA,TOL,CABADBARAN CITY
Municipality,CARMEN,CAR,AGUSAN DEL NORTE
Barangay,CAHAYAGAN,CAH,CARMEN
Barangay,GOSOON,GOS,CARMEN
Barangay,MANOLIGAO,MAN,CARMEN
Barangay,POBLACION (CARMEN),POB,CARMEN
Barangay,ROJALES,ROJ,CARMEN
Barangay,SAN AGUSTIN,SAN,CARMEN
Barangay,TAGCATONG,TAG,CARMEN
Barangay,VINAPOR,VIN,CARMEN
Municipality,JABONGA,JAB,AGUSAN DEL NORTE
Barangay,A. BELTRAN (CAMALIG),ABX,JABONGA
Barangay,BALEGUIAN,BAL,JABONGA
Barangay,BANGONAY,BAN,JABONGA
Barangay,BUNGA,BUN,JABONGA
Barangay,COLORADO,COL,JABONGA
Barangay,CUYAGO,CUY,JABONGA
Barangay,LIBAS,LIB,JABONGA
Barangay,MAGDAGOOC,MAG,JABONGA
Barangay,MAGSAYSAY,MA1,JABONGA
Barangay,MARAIGING,MAR,JABONGA
Barangay,POBLACION (JABONGA),POB,JABONGA
Barangay,SAN JOSE,SJN,JABONGA
Barangay,SAN PABLO,SPN,JABONGA
Barangay,SAN VICENTE,SVN,JABONGA
Barangay,SANTO NIÃ‘O,SNN,JABONGA
Municipality,KITCHARAO,KIT,AGUSAN DEL NORTE
Barangay,BANGAYAN,BAN,KITCHARAO
Barangay,CANAWAY,CAN,KITCHARAO
Barangay,CROSSING,CRO,KITCHARAO
Barangay,HINIMBANGAN,HIN,KITCHARAO
Barangay,JALIOBONG,JAL,KITCHARAO
Barangay,MAHAYAHAY,MAH,KITCHARAO
Barangay,POBLACION,POB,KITCHARAO
Barangay,SAN ISIDRO,SIN,KITCHARAO
Barangay,SAN ROQUE,SRN,KITCHARAO
Barangay,SANGAY,SAN,KITCHARAO
Barangay,SONGKOY,SON,KITCHARAO
Municipality,LAS NIEVES,LNS,AGUSAN DEL NORTE
Barangay,AMBACON,AMB,LAS NIEVES
Barangay,BALUNGAGAN,BAL,LAS NIEVES
Barangay,BONIFACIO,BON,LAS NIEVES
Barangay,CASIKLAN,CAS,LAS NIEVES
Barangay,CONSORCIA,CON,LAS NIEVES
Barangay,DURIAN,DUR,LAS NIEVES
Barangay,EDUARDO G. MONTILLA (CAMBOAYON),EGU,LAS NIEVES
Barangay,IBUAN,IBU,LAS NIEVES
Barangay,KATIPUNAN,KAT,LAS NIEVES
Barangay,LINGAYAO,LIN,LAS NIEVES
Barangay,MALICATO,MAL,LAS NIEVES
Barangay,MANINGALAO,MAN,LAS NIEVES
Barangay,MARCOS CALO,MCR,LAS NIEVES
Barangay,MAT-I,MAT,LAS NIEVES
Barangay,PINANA-AN,PIN,LAS NIEVES
Barangay,POBLACION,POB,LAS NIEVES
Barangay,ROSARIO,ROS,LAS NIEVES
Barangay,SAN ISIDRO,SIN,LAS NIEVES
Barangay,SAN ROQUE,SRN,LAS NIEVES
Barangay,TINUCORAN,TIN,LAS NIEVES
Municipality,MAGALLANES,MAG,AGUSAN DEL NORTE
Barangay,BUHANG,BUH,MAGALLANES
Barangay,CALOC-AN,CAL,MAGALLANES
Barangay,GUIASAN,GUI,MAGALLANES
Barangay,MARCOS,MAR,MAGALLANES
Barangay,POBLACION,POB,MAGALLANES
Barangay,SANTO NIÃ‘O,SNN,MAGALLANES
Barangay,SANTO ROSARIO,SRN,MAGALLANES
Barangay,TAOD-OY,TAO,MAGALLANES
Municipality,NASIPIT,NAS,AGUSAN DEL NORTE
Barangay,ACLAN,ACL,NASIPIT
Barangay,AMONTAY,AMO,NASIPIT
Barangay,ATA-ATAHON,ATA,NASIPIT
Barangay,BARANGAY 1 (POB.),BA1,NASIPIT
Barangay,BARANGAY 2 (POB.),BA2,NASIPIT
Barangay,BARANGAY 3 (POB.),BA3,NASIPIT
Barangay,BARANGAY 4 (POB.),BA4,NASIPIT
Barangay,BARANGAY 5 (POB.),BA5,NASIPIT
Barangay,BARANGAY 6 (POB.),BA6,NASIPIT
Barangay,BARANGAY 7 (POB.),BA7,NASIPIT
Barangay,CAMAGONG,CAM,NASIPIT
Barangay,CUBI-CUBI,CUB,NASIPIT
Barangay,CULIT,CUL,NASIPIT
Barangay,JAGUIMITAN,JAG,NASIPIT
Barangay,KINABJANGAN,KIN,NASIPIT
Barangay,PUNTA,PUN,NASIPIT
Barangay,SANTA ANA,SAN,NASIPIT
Barangay,TALISAY,TAL,NASIPIT
Barangay,TRIANGULO,TRI,NASIPIT
Municipality,REMEDIOS T. ROMUALDEZ,RTM,AGUSAN DEL NORTE
Barangay,BALANGBALANG,BAL,REMEDIOS T. ROMUALDEZ
Barangay,BASILISA,BAS,REMEDIOS T. ROMUALDEZ
Barangay,HUMILOG,HUM,REMEDIOS T. ROMUALDEZ
Barangay,PANAYTAYON,PAN,REMEDIOS T. ROMUALDEZ
Barangay,POBLACION I (AGAY),PIB,REMEDIOS T. ROMUALDEZ
Barangay,POBLACION II,PI1,REMEDIOS T. ROMUALDEZ
Barangay,SAN ANTONIO,SAN,REMEDIOS T. ROMUALDEZ
Barangay,TAGBONGABONG,TAG,REMEDIOS T. ROMUALDEZ
Municipality,SANTIAGO,SAN,AGUSAN DEL NORTE
Barangay,CURVA,CUR,SANTIAGO
Barangay,ESTANISLAO MORGADO,EMT,SANTIAGO
Barangay,JAGUPIT,JAG,SANTIAGO
Barangay,LA PAZ,LPX,SANTIAGO
Barangay,PANGAYLAN-IP,PAN,SANTIAGO
Barangay,POBLACION I,PIB,SANTIAGO
Barangay,POBLACION II,PI1,SANTIAGO
Barangay,SAN ISIDRO,SIN,SANTIAGO
Barangay,TAGBUYACAN,TAG,SANTIAGO
Municipality,TUBAY,TUB,AGUSAN DEL NORTE
Barangay,BINUANGAN,BIN,TUBAY
Barangay,CABAYAWA,CAB,TUBAY
Barangay,DOÃ‘A ROSARIO,DRA,TUBAY
Barangay,DOÃ‘A TELESFORA,DTA,TUBAY
Barangay,LA FRATERNIDAD,LFX,TUBAY
Barangay,LAWIGAN,LAW,TUBAY
Barangay,POBLACION 1,PO1,TUBAY
Barangay,POBLACION 2,PO2,TUBAY
Barangay,SANTA ANA,SAN,TUBAY
Barangay,TAGMAMARKAY,TAG,TUBAY
Barangay,TAGPANGAHOY,TA1,TUBAY
Barangay,TINIGBASAN,TIN,TUBAY
Barangay,VICTORY,VIC,TUBAY
Province,AGUSAN DEL SUR,AD1,Region XIII
Municipality,BAYUGAN CITY,BCY,AGUSAN DEL SUR
Barangay,BERSEBA,BER,BAYUGAN CITY
Barangay,BUCAC,BUC,BAYUGAN CITY
Barangay,CAGBAS,CAG,BAYUGAN CITY
Barangay,CALAITAN,CAL,BAYUGAN CITY
Barangay,CANAYUGAN,CAN,BAYUGAN CITY
Barangay,CHARITO,CHA,BAYUGAN CITY
Barangay,CLARO CORTEZ,CCA,BAYUGAN CITY
Barangay,FILI,FIL,BAYUGAN CITY
Barangay,GAMAO,GAM,BAYUGAN CITY
Barangay,GETSEMANE,GET,BAYUGAN CITY
Barangay,GRACE ESTATE,GEA,BAYUGAN CITY
Barangay,HAMOGAWAY,HAM,BAYUGAN CITY
Barangay,KATIPUNAN,KAT,BAYUGAN CITY
Barangay,MABUHAY,MAB,BAYUGAN CITY
Barangay,MAGKIANGKANG,MAG,BAYUGAN CITY
Barangay,MAHAYAG,MAH,BAYUGAN CITY
Barangay,MARCELINA,MAR,BAYUGAN CITY
Barangay,MAYGATASAN,MAY,BAYUGAN CITY
Barangay,MONTIVESTA,MON,BAYUGAN CITY
Barangay,MT. ARARAT,MAX,BAYUGAN CITY
Barangay,MT. CARMEL,MCX,BAYUGAN CITY
Barangay,MT. OLIVE,MOX,BAYUGAN CITY
Barangay,NEW SALEM,NSW,BAYUGAN CITY
Barangay,NOLI,NOL,BAYUGAN CITY
Barangay,OSMEÃ‘A,OSM,BAYUGAN CITY
Barangay,PANAYTAY,PAN,BAYUGAN CITY
Barangay,PINAGALAAN,PIN,BAYUGAN CITY
Barangay,POBLACION,POB,BAYUGAN CITY
Barangay,SAGMONE,SAG,BAYUGAN CITY
Barangay,SAGUMA,SA1,BAYUGAN CITY
Barangay,SALVACION,SAL,BAYUGAN CITY
Barangay,SAN AGUSTIN,SAN,BAYUGAN CITY
Barangay,SAN ISIDRO,SIN,BAYUGAN CITY
Barangay,SAN JUAN,SJN,BAYUGAN CITY
Barangay,SANTA IRENE,SI1,BAYUGAN CITY
Barangay,SANTA TERESITA,STN,BAYUGAN CITY
Barangay,SANTO NIÃ‘O,SNN,BAYUGAN CITY
Barangay,TAGLATAWAN,TAG,BAYUGAN CITY
Barangay,TAGLIBAS,TA1,BAYUGAN CITY
Barangay,TAGUBAY,TA2,BAYUGAN CITY
Barangay,VERDU,VER,BAYUGAN CITY
Barangay,VILLA UNDAYON,VUL,BAYUGAN CITY
Barangay,WAWA,WAW,BAYUGAN CITY
Municipality,BUNAWAN,BUN,AGUSAN DEL SUR
Barangay,BUNAWAN BROOK,BBN,BUNAWAN
Barangay,CONSUELO,CON,BUNAWAN
Barangay,IMELDA,IME,BUNAWAN
Barangay,LIBERTAD,LIB,BUNAWAN
Barangay,MAMBALILI,MAM,BUNAWAN
Barangay,NUEVA ERA,NEE,BUNAWAN
Barangay,POBLACION,POB,BUNAWAN
Barangay,SAN ANDRES,SAN,BUNAWAN
Barangay,SAN MARCOS,SMN,BUNAWAN
Barangay,SAN TEODORO,STN,BUNAWAN
Municipality,ESPERANZA,ESP,AGUSAN DEL SUR
Barangay,AGSABU,AGS,ESPERANZA
Barangay,AGUINALDO,AGU,ESPERANZA
Barangay,ANOLINGAN,ANO,ESPERANZA
Barangay,BAKINGKING,BAK,ESPERANZA
Barangay,BALUBO,BAL,ESPERANZA
Barangay,BENTAHON,BEN,ESPERANZA
Barangay,BUNAGUIT,BUN,ESPERANZA
Barangay,CATMONON,CAT,ESPERANZA
Barangay,CEBULAN,CEB,ESPERANZA
Barangay,CONCORDIA,CON,ESPERANZA
Barangay,CROSSING LUNA,CLO,ESPERANZA
Barangay,CUBO,CUB,ESPERANZA
Barangay,DAKUTAN,DAK,ESPERANZA
Barangay,DUANGAN,DUA,ESPERANZA
Barangay,GUADALUPE,GUA,ESPERANZA
Barangay,GUIBONON,GUI,ESPERANZA
Barangay,HAWILIAN,HAW,ESPERANZA
Barangay,KALABUAN,KAL,ESPERANZA
Barangay,KINAMAYBAY,KIN,ESPERANZA
Barangay,LABAO,LAB,ESPERANZA
Barangay,LANGAG,LAN,ESPERANZA
Barangay,MAASIN,MAA,ESPERANZA
Barangay,MAC-ARTHUR,MAC,ESPERANZA
Barangay,MAHAGCOT,MAH,ESPERANZA
Barangay,MALIWANAG,MAL,ESPERANZA
Barangay,MILAGROS,MIL,ESPERANZA
Barangay,NATO,NAT,ESPERANZA
Barangay,NEW GINGOOG,NGW,ESPERANZA
Barangay,ODIONG,ODI,ESPERANZA
Barangay,ORO,ORO,ESPERANZA
Barangay,PIGLAWIGAN,PIG,ESPERANZA
Barangay,POBLACION,POB,ESPERANZA
Barangay,REMEDIOS,REM,ESPERANZA
Barangay,SALUG,SAL,ESPERANZA
Barangay,SAN ISIDRO,SIN,ESPERANZA
Barangay,SAN JOSE,SJN,ESPERANZA
Barangay,SAN TORIBIO,STN,ESPERANZA
Barangay,SAN VICENTE,SVN,ESPERANZA
Barangay,SANTA FE,SFN,ESPERANZA
Barangay,SEGUNDA,SEG,ESPERANZA
Barangay,SINAKUNGAN,SI1,ESPERANZA
Barangay,TAGABASE,TAG,ESPERANZA
Barangay,TAGANAHAW,TA1,ESPERANZA
Barangay,TAGBALILI,TA2,ESPERANZA
Barangay,TAHINA,TAH,ESPERANZA
Barangay,TANDANG SORA,TSN,ESPERANZA
Barangay,VALENTINA,VAL,ESPERANZA
Municipality,LA PAZ,LPX,AGUSAN DEL SUR
Barangay,ANGELES,ANG,LA PAZ
Barangay,BATAAN,BAT,LA PAZ
Barangay,COMOTA,COM,LA PAZ
Barangay,HALAPITAN,HAL,LA PAZ
Barangay,KASAPA II,KIS,LA PAZ
Barangay,LANGASIAN,LAN,LA PAZ
Barangay,LYDIA,LYD,LA PAZ
Barangay,"OSMEÃ‘A, SR.",OSM,LA PAZ
Barangay,PANAGANGAN,PAN,LA PAZ
Barangay,POBLACION,POB,LA PAZ
Barangay,SABANG ADGAWAN,SAB,LA PAZ
Barangay,SAGUNTO,SAG,LA PAZ
Barangay,SAN PATRICIO,SPN,LA PAZ
Barangay,VALENTINA,VAL,LA PAZ
Barangay,VILLA PAZ,VPL,LA PAZ
Municipality,LORETO,LOR,AGUSAN DEL SUR
Barangay,BINUCAYAN,BIN,LORETO
Barangay,JOHNSON,JOH,LORETO
Barangay,KASAPA,KAS,LORETO
Barangay,KATIPUNAN,KAT,LORETO
Barangay,KAUSWAGAN,KAU,LORETO
Barangay,MAGAUD,MAG,LORETO
Barangay,NUEVA GRACIA,NGE,LORETO
Barangay,POBLACION,POB,LORETO
Barangay,SABUD,SAB,LORETO
Barangay,SAN ISIDRO,SIN,LORETO
Barangay,SAN MARIANO,SMN,LORETO
Barangay,SAN VICENTE,SVN,LORETO
Barangay,SANTA TERESA,STN,LORETO
Barangay,SANTO NIÃ‘O,SNN,LORETO
Barangay,SANTO TOMAS,ST1,LORETO
Barangay,VIOLANTA,VIO,LORETO
Barangay,WALOE,WAL,LORETO
Municipality,PROSPERIDAD,PRO,AGUSAN DEL SUR
Barangay,AURORA,AUR,PROSPERIDAD
Barangay,AWA,AWA,PROSPERIDAD
Barangay,AZPETIA,AZP,PROSPERIDAD
Barangay,LA CARIDAD,LCX,PROSPERIDAD
Barangay,LA PERIAN,LPX,PROSPERIDAD
Barangay,LA PURISIMA,LP1,PROSPERIDAD
Barangay,LA SUERTE,LSX,PROSPERIDAD
Barangay,LA UNION,LUX,PROSPERIDAD
Barangay,LAS NAVAS,LNS,PROSPERIDAD
Barangay,LIBERTAD,LIB,PROSPERIDAD
Barangay,LOS ARCOS,LAS,PROSPERIDAD
Barangay,LUCENA,LUC,PROSPERIDAD
Barangay,MABUHAY,MAB,PROSPERIDAD
Barangay,MAGSAYSAY,MAG,PROSPERIDAD
Barangay,MAPAGA,MAP,PROSPERIDAD
Barangay,NAPO,NAP,PROSPERIDAD
Barangay,NEW MAUG,NMW,PROSPERIDAD
Barangay,PATIN-AY,PAT,PROSPERIDAD
Barangay,POBLACION (BAHBAH),POB,PROSPERIDAD
Barangay,SALIMBOGAON,SAL,PROSPERIDAD
Barangay,SALVACION,SA1,PROSPERIDAD
Barangay,SAN JOAQUIN,SJN,PROSPERIDAD
Barangay,SAN JOSE,SJ1,PROSPERIDAD
Barangay,SAN LORENZO,SLN,PROSPERIDAD
Barangay,SAN MARTIN,SMN,PROSPERIDAD
Barangay,SAN PEDRO,SPN,PROSPERIDAD
Barangay,SAN RAFAEL,SRN,PROSPERIDAD
Barangay,SAN ROQUE,SR1,PROSPERIDAD
Barangay,SAN SALVADOR,SSN,PROSPERIDAD
Barangay,SAN VICENTE,SVN,PROSPERIDAD
Barangay,SANTA IRENE,SIN,PROSPERIDAD
Barangay,SANTA MARIA,SM1,PROSPERIDAD
Municipality,ROSARIO,ROS,AGUSAN DEL SUR
Barangay,BAYUGAN 3,BA3,ROSARIO
Barangay,CABANTAO,CAB,ROSARIO
Barangay,CABAWAN,CA1,ROSARIO
Barangay,LIBUAC,LIB,ROSARIO
Barangay,MALIGAYA,MAL,ROSARIO
Barangay,MARFIL,MAR,ROSARIO
Barangay,NOVELE,NOV,ROSARIO
Barangay,POBLACION,POB,ROSARIO
Barangay,SANTA CRUZ,SCN,ROSARIO
Barangay,TAGBAYAGAN,TAG,ROSARIO
Barangay,WASI-AN,WAS,ROSARIO
Municipality,SAN FRANCISCO,SFN,AGUSAN DEL SUR
Barangay,ALEGRIA,ALE,SAN FRANCISCO
Barangay,BARANGAY 1 (POB.),BA1,SAN FRANCISCO
Barangay,BARANGAY 2 (POB.),BA2,SAN FRANCISCO
Barangay,BARANGAY 3 (POB.),BA3,SAN FRANCISCO
Barangay,BARANGAY 4 (POB.),BA4,SAN FRANCISCO
Barangay,BARANGAY 5 (POB.),BA5,SAN FRANCISCO
Barangay,BAYUGAN 2,BA6,SAN FRANCISCO
Barangay,BITAN-AGAN,BIT,SAN FRANCISCO
Barangay,BORBON,BOR,SAN FRANCISCO
Barangay,BUENASUERTE,BUE,SAN FRANCISCO
Barangay,CAIMPUGAN,CAI,SAN FRANCISCO
Barangay,DAS-AGAN,DAS,SAN FRANCISCO
Barangay,EBRO,EBR,SAN FRANCISCO
Barangay,HUBANG,HUB,SAN FRANCISCO
Barangay,KARAUS,KAR,SAN FRANCISCO
Barangay,LADGADAN,LAD,SAN FRANCISCO
Barangay,LAPINIGAN,LAP,SAN FRANCISCO
Barangay,LUCAC,LUC,SAN FRANCISCO
Barangay,MATE,MAT,SAN FRANCISCO
Barangay,NEW VISAYAS,NVW,SAN FRANCISCO
Barangay,ORMACA,ORM,SAN FRANCISCO
Barangay,PASTA,PAS,SAN FRANCISCO
Barangay,PISA-AN,PIS,SAN FRANCISCO
Barangay,RIZAL,RIZ,SAN FRANCISCO
Barangay,SAN ISIDRO,SIN,SAN FRANCISCO
Barangay,SANTA ANA,SAN,SAN FRANCISCO
Barangay,TAGAPUA,TAG,SAN FRANCISCO
Municipality,SAN LUIS,SLN,AGUSAN DEL SUR
Barangay,ANISLAGAN,ANI,SAN LUIS
Barangay,BALIT,BAL,SAN LUIS
Barangay,BAYLO,BAY,SAN LUIS
Barangay,BINICALAN,BIN,SAN LUIS
Barangay,CECILIA,CEC,SAN LUIS
Barangay,COALICION,COA,SAN LUIS
Barangay,CULI,CUL,SAN LUIS
Barangay,DIMASALANG,DIM,SAN LUIS
Barangay,DON ALEJANDRO,DAN,SAN LUIS
Barangay,DON PEDRO,DPN,SAN LUIS
Barangay,DOÃ‘A FLAVIA,DFA,SAN LUIS
Barangay,DOÃ‘A MAXIMA,DMA,SAN LUIS
Barangay,MAHAGSAY,MAH,SAN LUIS
Barangay,MAHAPAG,MA1,SAN LUIS
Barangay,MAHAYAHAY,MA2,SAN LUIS
Barangay,MURITULA,MUR,SAN LUIS
Barangay,NUEVO TRABAJO,NTE,SAN LUIS
Barangay,POBLACION,POB,SAN LUIS
Barangay,POLICARPO,POL,SAN LUIS
Barangay,SAN ISIDRO,SIN,SAN LUIS
Barangay,SAN PEDRO,SPN,SAN LUIS
Barangay,SANTA INES,SI1,SAN LUIS
Barangay,SANTA RITA,SRN,SAN LUIS
Barangay,SANTIAGO,SAN,SAN LUIS
Barangay,WEGGUAM,WEG,SAN LUIS
Municipality,SANTA JOSEFA,SJN,AGUSAN DEL SUR
Barangay,ANGAS,ANG,SANTA JOSEFA
Barangay,AURORA,AUR,SANTA JOSEFA
Barangay,AWAO,AWA,SANTA JOSEFA
Barangay,CONCEPCION,CON,SANTA JOSEFA
Barangay,PAG-ASA,PAG,SANTA JOSEFA
Barangay,PATROCINIO,PAT,SANTA JOSEFA
Barangay,POBLACION,POB,SANTA JOSEFA
Barangay,SAN JOSE,SJN,SANTA JOSEFA
Barangay,SANTA ISABEL,SIN,SANTA JOSEFA
Barangay,SAYON,SAY,SANTA JOSEFA
Barangay,TAPAZ,TAP,SANTA JOSEFA
Municipality,SIBAGAT,SIB,AGUSAN DEL SUR
Barangay,AFGA,AFG,SIBAGAT
Barangay,ANAHAWAN,ANA,SIBAGAT
Barangay,BANAGBANAG,BAN,SIBAGAT
Barangay,DEL ROSARIO,DRL,SIBAGAT
Barangay,EL RIO,ERX,SIBAGAT
Barangay,ILIHAN,ILI,SIBAGAT
Barangay,KAUSWAGAN,KAU,SIBAGAT
Barangay,KIOYA,KIO,SIBAGAT
Barangay,KOLAMBUGAN,KOL,SIBAGAT
Barangay,MAGKALAPE,MAG,SIBAGAT
Barangay,MAGSAYSAY,MA1,SIBAGAT
Barangay,MAHAYAHAY,MAH,SIBAGAT
Barangay,NEW TUBIGON,NTW,SIBAGAT
Barangay,PADIAY,PAD,SIBAGAT
Barangay,PEREZ,PER,SIBAGAT
Barangay,POBLACION,POB,SIBAGAT
Barangay,SAN ISIDRO,SIN,SIBAGAT
Barangay,SAN VICENTE,SVN,SIBAGAT
Barangay,SANTA CRUZ,SCN,SIBAGAT
Barangay,SANTA MARIA,SMN,SIBAGAT
Barangay,SINAI,SI1,SIBAGAT
Barangay,TABON-TABON,TAB,SIBAGAT
Barangay,TAG-UYANGO,TAG,SIBAGAT
Barangay,VILLANGIT,VIL,SIBAGAT
Municipality,TALACOGON,TAL,AGUSAN DEL SUR
Barangay,BATUCAN,BAT,TALACOGON
Barangay,BUENAGRACIA,BUE,TALACOGON
Barangay,CAUSWAGAN,CAU,TALACOGON
Barangay,CULI,CUL,TALACOGON
Barangay,DEL MONTE,DML,TALACOGON
Barangay,DESAMPARADOS,DES,TALACOGON
Barangay,LA FLORA,LFX,TALACOGON
Barangay,LABNIG,LAB,TALACOGON
Barangay,MAHARLIKA,MAH,TALACOGON
Barangay,MARBON,MAR,TALACOGON
Barangay,SABANG GIBUNG,SGB,TALACOGON
Barangay,SAN AGUSTIN (POB.),SAN,TALACOGON
Barangay,SAN ISIDRO (POB.),SIN,TALACOGON
Barangay,SAN NICOLAS (POB.),SNN,TALACOGON
Barangay,ZAMORA,ZAM,TALACOGON
Barangay,ZILLOVIA,ZIL,TALACOGON
Municipality,TRENTO,TRE,AGUSAN DEL SUR
Barangay,BASA,BAS,TRENTO
Barangay,CEBOLIN,CEB,TRENTO
Barangay,CUEVAS,CUE,TRENTO
Barangay,KAPATUNGAN,KAP,TRENTO
Barangay,LANGKILA-AN,LAN,TRENTO
Barangay,MANAT,MAN,TRENTO
Barangay,NEW VISAYAS,NVW,TRENTO
Barangay,PANGYAN,PAN,TRENTO
Barangay,POBLACION,POB,TRENTO
Barangay,PULANG-LUPA,PUL,TRENTO
Barangay,SALVACION,SAL,TRENTO
Barangay,SAN IGNACIO,SIN,TRENTO
Barangay,SAN ISIDRO,SI1,TRENTO
Barangay,SAN ROQUE,SRN,TRENTO
Barangay,SANTA MARIA,SMN,TRENTO
Barangay,TUDELA,TUD,TRENTO
Municipality,VERUELA,VER,AGUSAN DEL SUR
Barangay,ANITAP,ANI,VERUELA
Barangay,BACAY II,BIC,VERUELA
Barangay,BINONGAN,BIN,VERUELA
Barangay,CAIGANGAN,CAI,VERUELA
Barangay,CANDIIS,CAN,VERUELA
Barangay,DEL MONTE,DML,VERUELA
Barangay,DON MATEO,DMN,VERUELA
Barangay,KATIPUNAN,KAT,VERUELA
Barangay,LA FORTUNA,LFX,VERUELA
Barangay,LIMOT,LIM,VERUELA
Barangay,MAGSAYSAY,MAG,VERUELA
Barangay,MASAYAN,MAS,VERUELA
Barangay,POBLACION,POB,VERUELA
Barangay,SAMPAGUITA,SAM,VERUELA
Barangay,SAN GABRIEL,SGN,VERUELA
Barangay,SANTA CRUZ,SCN,VERUELA
Barangay,SANTA EMELIA,SEN,VERUELA
Barangay,SAWAGAN,SAW,VERUELA
Barangay,SINOBONG,SIN,VERUELA
Barangay,SISIMON,SIS,VERUELA
Province,DINAGAT ISLANDS,DIN,Region XIII
Municipality,BASILISA (RIZAL),BAS,DINAGAT ISLANDS
Barangay,BENGLEN,BEN,BASILISA (RIZAL)
Barangay,CATADMAN,CAT,BASILISA (RIZAL)
Barangay,COLUMBUS,COL,BASILISA (RIZAL)
Barangay,CORING,COR,BASILISA (RIZAL)
Barangay,CORTES,CO1,BASILISA (RIZAL)
Barangay,DIEGAS,DIE,BASILISA (RIZAL)
Barangay,DOÃ‘A HELENE,DHA,BASILISA (RIZAL)
Barangay,EDERA,EDE,BASILISA (RIZAL)
Barangay,FERDINAND,FER,BASILISA (RIZAL)
Barangay,GEOTINA,GEO,BASILISA (RIZAL)
Barangay,IMEE (BACTASAN),IME,BASILISA (RIZAL)
Barangay,MELGAR,MEL,BASILISA (RIZAL)
Barangay,MONTAG,MON,BASILISA (RIZAL)
Barangay,NAVARRO,NAV,BASILISA (RIZAL)
Barangay,NEW NAZARETH,NNW,BASILISA (RIZAL)
Barangay,POBLACION,POB,BASILISA (RIZAL)
Barangay,PUERTO PRINCESA,PPE,BASILISA (RIZAL)
Barangay,RITA GLENDA,RGT,BASILISA (RIZAL)
Barangay,ROMA,ROM,BASILISA (RIZAL)
Barangay,ROXAS,ROX,BASILISA (RIZAL)
Barangay,SANTA MONICA,SMN,BASILISA (RIZAL)
Barangay,SANTO NIÃ‘O,SNN,BASILISA (RIZAL)
Barangay,SERING,SER,BASILISA (RIZAL)
Barangay,SOMBRADO,SOM,BASILISA (RIZAL)
Barangay,TAG-ABACA,TAG,BASILISA (RIZAL)
Barangay,VILLA ECLEO,VEL,BASILISA (RIZAL)
Barangay,VILLA PANTINOPLE,VPL,BASILISA (RIZAL)
Municipality,CAGDIANAO,CAG,DINAGAT ISLANDS
Barangay,BOA,BOA,CAGDIANAO
Barangay,CABUNGA-AN,CAB,CAGDIANAO
Barangay,DEL PILAR,DPL,CAGDIANAO
Barangay,LAGUNA,LAG,CAGDIANAO
Barangay,LEGASPI,LEG,CAGDIANAO
Barangay,MA-ATAS,MAA,CAGDIANAO
Barangay,MABINI (BORJA),MAB,CAGDIANAO
Barangay,NUEVA ESTRELLA,NEE,CAGDIANAO
Barangay,POBLACION,POB,CAGDIANAO
Barangay,"R. ECLEO, SR.",REX,CAGDIANAO
Barangay,SAN JOSE,SJN,CAGDIANAO
Barangay,SANTA RITA,SRN,CAGDIANAO
Barangay,TIGBAO,TIG,CAGDIANAO
Barangay,VALENCIA,VAL,CAGDIANAO
Municipality,DINAGAT,DIN,DINAGAT ISLANDS
Barangay,BAGUMBAYAN,BAG,DINAGAT
Barangay,CAB-ILAN,CAB,DINAGAT
Barangay,CABAYAWAN,CA1,DINAGAT
Barangay,CAYETANO,CAY,DINAGAT
Barangay,ESCOLTA (POB.),ESC,DINAGAT
Barangay,GOMEZ,GOM,DINAGAT
Barangay,JUSTINIANA EDERA,JES,DINAGAT
Barangay,MAGSAYSAY,MAG,DINAGAT
Barangay,MAUSWAGON (POB.),MAU,DINAGAT
Barangay,NEW MABUHAY,NMW,DINAGAT
Barangay,WADAS,WAD,DINAGAT
Barangay,WHITE BEACH (POB.),WBI,DINAGAT
Municipality,LIBJO (ALBOR),LIB,DINAGAT ISLANDS
Barangay,ALBOR (POB.),ALB,LIBJO (ALBOR)
Barangay,ARELLANO,ARE,LIBJO (ALBOR)
Barangay,BAYANIHAN,BAY,LIBJO (ALBOR)
Barangay,DOÃ‘A HELEN,DHA,LIBJO (ALBOR)
Barangay,GARCIA,GAR,LIBJO (ALBOR)
Barangay,GENERAL AGUINALDO (BOLOD-BOLOD),GAN,LIBJO (ALBOR)
Barangay,KANIHAAN,KAN,LIBJO (ALBOR)
Barangay,LLAMERA,LLA,LIBJO (ALBOR)
Barangay,MAGSAYSAY,MAG,LIBJO (ALBOR)
Barangay,OSMEÃ‘A,OSM,LIBJO (ALBOR)
Barangay,PLARIDEL,PLA,LIBJO (ALBOR)
Barangay,QUEZON,QUE,LIBJO (ALBOR)
Barangay,ROSITA,ROS,LIBJO (ALBOR)
Barangay,SAN ANTONIO (POB.),SAN,LIBJO (ALBOR)
Barangay,SAN JOSE,SJN,LIBJO (ALBOR)
Barangay,SANTO NIÃ‘O,SNN,LIBJO (ALBOR)
Municipality,LORETO,LOR,DINAGAT ISLANDS
Barangay,CARMEN (POB.),CAR,LORETO
Barangay,ESPERANZA,ESP,LORETO
Barangay,FERDINAND,FER,LORETO
Barangay,HELENE,HEL,LORETO
Barangay,LIBERTY,LIB,LORETO
Barangay,MAGSAYSAY,MAG,LORETO
Barangay,PANAMAON,PAN,LORETO
Barangay,SAN JUAN (POB.),SJN,LORETO
Barangay,SANTA CRUZ (POB.),SCN,LORETO
Barangay,SANTIAGO (POB.),SAN,LORETO
Municipality,SAN JOSE,SJN,DINAGAT ISLANDS
Barangay,AURELIO,AUR,SAN JOSE
Barangay,CUARINTA,CUA,SAN JOSE
Barangay,DON RUBEN ECLEO (BALTAZAR),DRN,SAN JOSE
Barangay,JACQUEZ,JAC,SAN JOSE
Barangay,JUSTINIANA EDERA,JES,SAN JOSE
Barangay,LUNA,LUN,SAN JOSE
Barangay,MAHAYAHAY,MAH,SAN JOSE
Barangay,MATINGBE,MAT,SAN JOSE
Barangay,SAN JOSE (POB.),SJN,SAN JOSE
Barangay,SAN JUAN,SJ1,SAN JOSE
Barangay,SANTA CRUZ,SCN,SAN JOSE
Barangay,WILSON,WIL,SAN JOSE
Municipality,TUBAJON,TUB,DINAGAT ISLANDS
Barangay,DIAZ (ROMUALDEZ),DIA,TUBAJON
Barangay,IMELDA,IME,TUBAJON
Barangay,MABINI,MAB,TUBAJON
Barangay,MALINAO,MAL,TUBAJON
Barangay,NAVARRO,NAV,TUBAJON
Barangay,ROXAS,ROX,TUBAJON
Barangay,SAN ROQUE (POB.),SRN,TUBAJON
Barangay,SAN VICENTE (POB.),SVN,TUBAJON
Barangay,SANTA CRUZ (POB.),SCN,TUBAJON
Province,SURIGAO DEL NORTE,SDR,Region XIII
Municipality,ALEGRIA,ALE,SURIGAO DEL NORTE
Barangay,ALIPAO,ALI,ALEGRIA
Barangay,ANAHAW,ANA,ALEGRIA
Barangay,BUDLINGIN,BUD,ALEGRIA
Barangay,CAMP EDUARD (GEOTINA),CEM,ALEGRIA
Barangay,FERLDA,FER,ALEGRIA
Barangay,GAMUTON,GAM,ALEGRIA
Barangay,JULIO OUANO (POB.),JOL,ALEGRIA
Barangay,OMBONG,OMB,ALEGRIA
Barangay,POBLACION (ALEGRIA),POB,ALEGRIA
Barangay,PONGTUD,PON,ALEGRIA
Barangay,SAN JUAN,SJN,ALEGRIA
Barangay,SAN PEDRO,SPN,ALEGRIA
Municipality,BACUAG,BAC,SURIGAO DEL NORTE
Barangay,CABUGAO,CAB,BACUAG
Barangay,CAMBUAYON,CAM,BACUAG
Barangay,CAMPO,CA1,BACUAG
Barangay,DUGSANGON,DUG,BACUAG
Barangay,PAUTAO,PAU,BACUAG
Barangay,PAYAPAG,PAY,BACUAG
Barangay,POBLACION,POB,BACUAG
Barangay,PUNGTOD,PUN,BACUAG
Barangay,SANTO ROSARIO,SRN,BACUAG
Municipality,BURGOS,BUR,SURIGAO DEL NORTE
Barangay,BAYBAY,BAY,BURGOS
Barangay,BITAUG,BIT,BURGOS
Barangay,MATIN-AO,MAT,BURGOS
Barangay,POBLACION 1,PO1,BURGOS
Barangay,POBLACION 2,PO2,BURGOS
Barangay,SAN MATEO,SMN,BURGOS
Municipality,CLAVER,CLA,SURIGAO DEL NORTE
Barangay,BAGAKAY (POB. WEST),BAG,CLAVER
Barangay,CABUGO,CAB,CLAVER
Barangay,CAGDIANAO,CAG,CLAVER
Barangay,DAYWAN,DAY,CLAVER
Barangay,HAYANGGABON,HAY,CLAVER
Barangay,LADGARON (POB.),LAD,CLAVER
Barangay,LAPINIGAN,LAP,CLAVER
Barangay,MAGALLANES,MAG,CLAVER
Barangay,PANATAO,PAN,CLAVER
Barangay,SAPA,SAP,CLAVER
Barangay,TAGANITO,TAG,CLAVER
Barangay,TAYAGA (POB. EAST),TAY,CLAVER
Barangay,URBIZTONDO,URB,CLAVER
Barangay,WANGKE,WAN,CLAVER
Municipality,DAPA,DAP,SURIGAO DEL NORTE
Barangay,BAGAKAY,BAG,DAPA
Barangay,BARANGAY 1 (POB.),BA1,DAPA
Barangay,BARANGAY 2 (POB.),BA2,DAPA
Barangay,BARANGAY 3 (POB.),BA3,DAPA
Barangay,BARANGAY 4 (POB.),BA4,DAPA
Barangay,BARANGAY 5 (POB.),BA5,DAPA
Barangay,BARANGAY 6 (POB.),BA6,DAPA
Barangay,BARANGAY 7 (POB.),BA7,DAPA
Barangay,BARANGAY 8 (POB.),BA8,DAPA
Barangay,BARANGAY 9 (POB.),BA9,DAPA
Barangay,BARANGAY 10 (POB.),BA10,DAPA
Barangay,BARANGAY 11 (POB.),BA11,DAPA
Barangay,BARANGAY 12 (POB.),BA12,DAPA
Barangay,BARANGAY 13 (POB.),BA13,DAPA
Barangay,BUENAVISTA,BUE,DAPA
Barangay,CABAWA,CAB,DAPA
Barangay,CAMBAS-AC,CAM,DAPA
Barangay,CONSOLACION,CON,DAPA
Barangay,CORREGIDOR,COR,DAPA
Barangay,DAGOHOY,DAG,DAPA
Barangay,DON PAULINO,DPN,DAPA
Barangay,JUBANG,JUB,DAPA
Barangay,MONTSERRAT,MON,DAPA
Barangay,OSMEÃ‘A,OSM,DAPA
Barangay,SAN CARLOS,SCN,DAPA
Barangay,SAN MIGUEL,SMN,DAPA
Barangay,SANTA FE,SFN,DAPA
Barangay,SANTA FELOMINA,SF1,DAPA
Barangay,UNION,UNI,DAPA
Municipality,DEL CARMEN,DCL,SURIGAO DEL NORTE
Barangay,ANTIPOLO,ANT,DEL CARMEN
Barangay,BAGAKAY (ALBURO),BAG,DEL CARMEN
Barangay,BITOON,BIT,DEL CARMEN
Barangay,CABUGAO,CAB,DEL CARMEN
Barangay,CANCOHOY,CAN,DEL CARMEN
Barangay,CAUB,CAU,DEL CARMEN
Barangay,DEL CARMEN (POB.),DCL,DEL CARMEN
Barangay,DOMOYOG,DOM,DEL CARMEN
Barangay,ESPERANZA,ESP,DEL CARMEN
Barangay,HALIAN,HAL,DEL CARMEN
Barangay,JAMOYAON,JAM,DEL CARMEN
Barangay,KATIPUNAN,KAT,DEL CARMEN
Barangay,LOBOGON,LOB,DEL CARMEN
Barangay,MABUHAY,MAB,DEL CARMEN
Barangay,MAHAYAHAY,MAH,DEL CARMEN
Barangay,QUEZON,QUE,DEL CARMEN
Barangay,SAN FERNANDO,SFN,DEL CARMEN
Barangay,SAN JOSE (POB.),SJN,DEL CARMEN
Barangay,SAYAK,SAY,DEL CARMEN
Barangay,TUBORAN,TUB,DEL CARMEN
Municipality,GENERAL LUNA,GLN,SURIGAO DEL NORTE
Barangay,ANAJAWAN,ANA,GENERAL LUNA
Barangay,CABITOONAN,CAB,GENERAL LUNA
Barangay,CATANGNAN,CAT,GENERAL LUNA
Barangay,CONSUELO,CON,GENERAL LUNA
Barangay,CORAZON,COR,GENERAL LUNA
Barangay,DAKU,DAK,GENERAL LUNA
Barangay,LA JANUZA,LJX,GENERAL LUNA
Barangay,LIBERTAD,LIB,GENERAL LUNA
Barangay,MAGSAYSAY,MAG,GENERAL LUNA
Barangay,MALINAO,MAL,GENERAL LUNA
Barangay,POBLACION I (PUROK I),PIB,GENERAL LUNA
Barangay,POBLACION II (PUROK II),PI1,GENERAL LUNA
Barangay,POBLACION III (PUROK III),PI2,GENERAL LUNA
Barangay,POBLACION IV (PUROK IV),PI3,GENERAL LUNA
Barangay,POBLACION V (PUROK V),PVB,GENERAL LUNA
Barangay,SANTA CRUZ,SCN,GENERAL LUNA
Barangay,SANTA FE,SFN,GENERAL LUNA
Barangay,SUYANGAN,SUY,GENERAL LUNA
Barangay,TAWIN-TAWIN,TAW,GENERAL LUNA
Municipality,GIGAQUIT,GIG,SURIGAO DEL NORTE
Barangay,ALAMBIQUE (POB.),ALA,GIGAQUIT
Barangay,ANIBONGAN,ANI,GIGAQUIT
Barangay,CAM-BOAYON,CAM,GIGAQUIT
Barangay,CAMAM-ONAN,CA1,GIGAQUIT
Barangay,IPIL (POB.),IPI,GIGAQUIT
Barangay,LAHI,LAH,GIGAQUIT
Barangay,MAHANUB,MAH,GIGAQUIT
Barangay,PONIENTE,PON,GIGAQUIT
Barangay,SAN ANTONIO (BONOT),SAN,GIGAQUIT
Barangay,SAN ISIDRO,SIN,GIGAQUIT
Barangay,SICO-SICO,SIC,GIGAQUIT
Barangay,VILLAFLOR,VIL,GIGAQUIT
Barangay,VILLAFRANCA,VI1,GIGAQUIT
Municipality,MAINIT,MAI,SURIGAO DEL NORTE
Barangay,BINGA,BIN,MAINIT
Barangay,BOBONA-ON,BOB,MAINIT
Barangay,CANTUGAS,CAN,MAINIT
Barangay,DAYANO,DAY,MAINIT
Barangay,MABINI,MAB,MAINIT
Barangay,MAGPAYANG,MAG,MAINIT
Barangay,MAGSAYSAY (POB.),MA1,MAINIT
Barangay,MANSAYAO,MAN,MAINIT
Barangay,MARAYAG,MAR,MAINIT
Barangay,MATIN-AO,MAT,MAINIT
Barangay,PACO,PAC,MAINIT
Barangay,QUEZON (POB.),QUE,MAINIT
Barangay,ROXAS,ROX,MAINIT
Barangay,SAN FRANCISCO,SFN,MAINIT
Barangay,SAN ISIDRO,SIN,MAINIT
Barangay,SAN JOSE,SJN,MAINIT
Barangay,SIANA,SIA,MAINIT
Barangay,SILOP,SIL,MAINIT
Barangay,TAGBUYAWAN,TAG,MAINIT
Barangay,TAPI-AN,TAP,MAINIT
Barangay,TOLINGON,TOL,MAINIT
Municipality,MALIMONO,MAL,SURIGAO DEL NORTE
Barangay,BUNYASAN,BUN,MALIMONO
Barangay,CAGTINAE,CAG,MALIMONO
Barangay,CAN-AGA,CAN,MALIMONO
Barangay,CANSAYONG,CA1,MALIMONO
Barangay,CANTAPOY,CA2,MALIMONO
Barangay,CAYAWAN,CAY,MALIMONO
Barangay,DORO (BINOCARAN),DOR,MALIMONO
Barangay,HANAGDONG,HAN,MALIMONO
Barangay,KARIHATAG,KAR,MALIMONO
Barangay,MASGAD,MAS,MALIMONO
Barangay,PILI,PIL,MALIMONO
Barangay,SAN ISIDRO (POB.),SIN,MALIMONO
Barangay,TINAGO,TIN,MALIMONO
Barangay,VILLARIZA,VIL,MALIMONO
Municipality,PILAR,PIL,SURIGAO DEL NORTE
Barangay,ASINAN (POB.),ASI,PILAR
Barangay,CARIDAD,CAR,PILAR
Barangay,CENTRO (POB.),CEN,PILAR
Barangay,CONSOLACION,CON,PILAR
Barangay,DATU,DAT,PILAR
Barangay,DAYAOHAY,DAY,PILAR
Barangay,JABOY,JAB,PILAR
Barangay,KATIPUNAN,KAT,PILAR
Barangay,MAASIN,MAA,PILAR
Barangay,MABINI,MAB,PILAR
Barangay,MABUHAY,MA1,PILAR
Barangay,PILARING (POB.),PIL,PILAR
Barangay,PUNTA (POB.),PUN,PILAR
Barangay,SALVACION,SAL,PILAR
Barangay,SAN ROQUE,SRN,PILAR
Municipality,PLACER,PLA,SURIGAO DEL NORTE
Barangay,AMOSLOG,AMO,PLACER
Barangay,ANISLAGAN,ANI,PLACER
Barangay,BAD-AS,BAD,PLACER
Barangay,BOYONGAN,BOY,PLACER
Barangay,BUGAS-BUGAS,BUG,PLACER
Barangay,CENTRAL (POB.),CEN,PLACER
Barangay,ELLAPERAL (NONOK),ELL,PLACER
Barangay,IPIL (POB.),IPI,PLACER
Barangay,LAKANDULA,LAK,PLACER
Barangay,MABINI,MAB,PLACER
Barangay,MACALAYA,MAC,PLACER
Barangay,MAGSAYSAY (POB.),MAG,PLACER
Barangay,MAGUPANGE,MA1,PLACER
Barangay,PANANAY-AN,PAN,PLACER
Barangay,PANHUTONGAN,PA1,PLACER
Barangay,SAN ISIDRO,SIN,PLACER
Barangay,SANI-SANI,SAN,PLACER
Barangay,SANTA CRUZ,SCN,PLACER
Barangay,SUYOC,SUY,PLACER
Barangay,TAGBONGABONG,TAG,PLACER
Municipality,SAN BENITO,SBN,SURIGAO DEL NORTE
Barangay,BONGDO,BON,SAN BENITO
Barangay,MARIBOJOC,MAR,SAN BENITO
Barangay,NUEVO CAMPO,NCE,SAN BENITO
Barangay,SAN JUAN,SJN,SAN BENITO
Barangay,SANTA CRUZ (POB.),SCN,SAN BENITO
Barangay,TALISAY (POB.),TAL,SAN BENITO
Municipality,SAN FRANCISCO (ANAO-AON),SFN,SURIGAO DEL NORTE
Barangay,AMONTAY,AMO,SAN FRANCISCO (ANAO-AON)
Barangay,BALITE,BAL,SAN FRANCISCO (ANAO-AON)
Barangay,BANBANON,BAN,SAN FRANCISCO (ANAO-AON)
Barangay,DIAZ,DIA,SAN FRANCISCO (ANAO-AON)
Barangay,HONRADO,HON,SAN FRANCISCO (ANAO-AON)
Barangay,JUBGAN,JUB,SAN FRANCISCO (ANAO-AON)
Barangay,LINONGGANAN,LIN,SAN FRANCISCO (ANAO-AON)
Barangay,MACOPA,MAC,SAN FRANCISCO (ANAO-AON)
Barangay,MAGTANGALE,MAG,SAN FRANCISCO (ANAO-AON)
Barangay,OSLAO,OSL,SAN FRANCISCO (ANAO-AON)
Barangay,POBLACION,POB,SAN FRANCISCO (ANAO-AON)
Municipality,SAN ISIDRO,SIN,SURIGAO DEL NORTE
Barangay,BUHING CALIPAY,BCH,SAN ISIDRO
Barangay,DEL CARMEN (POB.),DCL,SAN ISIDRO
Barangay,DEL PILAR,DPL,SAN ISIDRO
Barangay,MACAPAGAL,MAC,SAN ISIDRO
Barangay,PACIFICO,PAC,SAN ISIDRO
Barangay,PELAEZ,PEL,SAN ISIDRO
Barangay,ROXAS,ROX,SAN ISIDRO
Barangay,SAN MIGUEL,SMN,SAN ISIDRO
Barangay,SANTA PAZ,SPN,SAN ISIDRO
Barangay,SANTO NIÃ‘O,SNN,SAN ISIDRO
Barangay,TAMBACAN,TAM,SAN ISIDRO
Barangay,TIGASAO,TIG,SAN ISIDRO
Municipality,SANTA MONICA (SAPAO),SMN,SURIGAO DEL NORTE
Barangay,ABAD SANTOS,ASA,SANTA MONICA (SAPAO)
Barangay,ALEGRIA,ALE,SANTA MONICA (SAPAO)
Barangay,BAILAN,BAI,SANTA MONICA (SAPAO)
Barangay,GARCIA,GAR,SANTA MONICA (SAPAO)
Barangay,LIBERTAD,LIB,SANTA MONICA (SAPAO)
Barangay,MABINI,MAB,SANTA MONICA (SAPAO)
Barangay,MABUHAY (POB.),MA1,SANTA MONICA (SAPAO)
Barangay,MAGSAYSAY,MAG,SANTA MONICA (SAPAO)
Barangay,RIZAL,RIZ,SANTA MONICA (SAPAO)
Barangay,T. ARLAN (POB.),TAX,SANTA MONICA (SAPAO)
Barangay,TANGBO,TAN,SANTA MONICA (SAPAO)
Municipality,SISON,SIS,SURIGAO DEL NORTE
Barangay,BIYABID,BIY,SISON
Barangay,GACEPAN,GAC,SISON
Barangay,IMA,IMA,SISON
Barangay,LOWER PATAG,LPW,SISON
Barangay,MABUHAY,MAB,SISON
Barangay,MAYAG,MAY,SISON
Barangay,POBLACION (SAN PEDRO),POB,SISON
Barangay,SAN ISIDRO,SIN,SISON
Barangay,SAN PABLO,SPN,SISON
Barangay,TAGBAYANI,TAG,SISON
Barangay,TINOGPAHAN,TIN,SISON
Barangay,UPPER PATAG,UPP,SISON
Municipality,SOCORRO,SOC,SURIGAO DEL NORTE
Barangay,ALBINO TARUC,ATB,SOCORRO
Barangay,DEL PILAR,DPL,SOCORRO
Barangay,HELENE,HEL,SOCORRO
Barangay,HONRADO,HON,SOCORRO
Barangay,NAVARRO (POB.),NAV,SOCORRO
Barangay,NUEVA ESTRELLA,NEE,SOCORRO
Barangay,PAMOSAINGAN,PAM,SOCORRO
Barangay,RIZAL (POB.),RIZ,SOCORRO
Barangay,SALOG,SAL,SOCORRO
Barangay,SAN ROQUE,SRN,SOCORRO
Barangay,SANTA CRUZ,SCN,SOCORRO
Barangay,SERING,SER,SOCORRO
Barangay,SONGKOY,SON,SOCORRO
Barangay,SUDLON,SUD,SOCORRO
Municipality,SURIGAO CITY,SCR,SURIGAO DEL NORTE
Barangay,ALANG-ALANG,ALA,SURIGAO CITY
Barangay,ALEGRIA,ALE,SURIGAO CITY
Barangay,ANOMAR,ANO,SURIGAO CITY
Barangay,AURORA,AUR,SURIGAO CITY
Barangay,BALIBAYON,BAL,SURIGAO CITY
Barangay,BAYBAY,BAY,SURIGAO CITY
Barangay,BILABID,BIL,SURIGAO CITY
Barangay,BITAUGAN,BIT,SURIGAO CITY
Barangay,BONIFACIO,BON,SURIGAO CITY
Barangay,BUENAVISTA,BUE,SURIGAO CITY
Barangay,CABONGBONGAN,CAB,SURIGAO CITY
Barangay,CAGNIOG,CAG,SURIGAO CITY
Barangay,CAGUTSAN,CA1,SURIGAO CITY
Barangay,CANLANIPA,CAN,SURIGAO CITY
Barangay,CANTIASAY,CA2,SURIGAO CITY
Barangay,CAPALAYAN,CAP,SURIGAO CITY
Barangay,CATADMAN,CAT,SURIGAO CITY
Barangay,DANAO,DAN,SURIGAO CITY
Barangay,DANAWAN,DA1,SURIGAO CITY
Barangay,DAY-ASAN,DAY,SURIGAO CITY
Barangay,IPIL,IPI,SURIGAO CITY
Barangay,LIBUAC,LIB,SURIGAO CITY
Barangay,LIPATA,LIP,SURIGAO CITY
Barangay,LISONDRA,LIS,SURIGAO CITY
Barangay,LUNA,LUN,SURIGAO CITY
Barangay,MABINI,MAB,SURIGAO CITY
Barangay,MABUA,MA1,SURIGAO CITY
Barangay,MANYAGAO,MAN,SURIGAO CITY
Barangay,MAPAWA,MAP,SURIGAO CITY
Barangay,MAT-I,MAT,SURIGAO CITY
Barangay,NABAGO,NAB,SURIGAO CITY
Barangay,NONOC,NON,SURIGAO CITY
Barangay,OROK,ORO,SURIGAO CITY
Barangay,POCTOY,POC,SURIGAO CITY
Barangay,PUNTA BILAR,PBN,SURIGAO CITY
Barangay,QUEZON,QUE,SURIGAO CITY
Barangay,RIZAL,RIZ,SURIGAO CITY
Barangay,SABANG,SAB,SURIGAO CITY
Barangay,SAN ISIDRO,SIN,SURIGAO CITY
Barangay,SAN JOSE,SJN,SURIGAO CITY
Barangay,SAN JUAN,SJ1,SURIGAO CITY
Barangay,SAN PEDRO (HANIGAD),SPN,SURIGAO CITY
Barangay,SAN ROQUE,SRN,SURIGAO CITY
Barangay,SERNA (BAD-ASAY),SER,SURIGAO CITY
Barangay,SIDLAKAN,SID,SURIGAO CITY
Barangay,SILOP,SIL,SURIGAO CITY
Barangay,SUGBAY,SUG,SURIGAO CITY
Barangay,SUKAILANG,SUK,SURIGAO CITY
Barangay,TAFT (POB.),TAF,SURIGAO CITY
Barangay,TALISAY,TAL,SURIGAO CITY
Barangay,TOGBONGON,TOG,SURIGAO CITY
Barangay,TRINIDAD,TRI,SURIGAO CITY
Barangay,WASHINGTON (POB.),WAS,SURIGAO CITY
Barangay,ZARAGOZA,ZAR,SURIGAO CITY
Municipality,TAGANA-AN,TAG,SURIGAO DEL NORTE
Barangay,AURORA (POB.),AUR,TAGANA-AN
Barangay,AZUCENA (POB.),AZU,TAGANA-AN
Barangay,BANBAN,BAN,TAGANA-AN
Barangay,CAWILAN,CAW,TAGANA-AN
Barangay,FABIO,FAB,TAGANA-AN
Barangay,HIMAMAUG,HIM,TAGANA-AN
Barangay,LAUREL,LAU,TAGANA-AN
Barangay,LOWER LIBAS,LLW,TAGANA-AN
Barangay,OPONG,OPO,TAGANA-AN
Barangay,PATINO,PAT,TAGANA-AN
Barangay,SAMPAGUITA (POB.),SAM,TAGANA-AN
Barangay,TALAVERA,TAL,TAGANA-AN
Barangay,UNION,UNI,TAGANA-AN
Barangay,UPPER LIBAS,ULP,TAGANA-AN
Municipality,TUBOD,TUB,SURIGAO DEL NORTE
Barangay,CAPAYAHAN,CAP,TUBOD
Barangay,CAWILAN,CAW,TUBOD
Barangay,DEL ROSARIO,DRL,TUBOD
Barangay,MARGA,MAR,TUBOD
Barangay,MOTORPOOL,MOT,TUBOD
Barangay,POBLACION (TUBOD),POB,TUBOD
Barangay,SAN ISIDRO,SIN,TUBOD
Barangay,SAN PABLO,SPN,TUBOD
Barangay,TIMAMANA,TIM,TUBOD
Province,SURIGAO DEL SUR,SD1,Region XIII
Municipality,BAROBO,BAR,SURIGAO DEL SUR
Barangay,AMAGA,AMA,BAROBO
Barangay,BAHI,BAH,BAROBO
Barangay,CABACUNGAN,CAB,BAROBO
Barangay,CAMBAGANG,CAM,BAROBO
Barangay,CAUSWAGAN,CAU,BAROBO
Barangay,DAPDAP,DAP,BAROBO
Barangay,DUGHAN,DUG,BAROBO
Barangay,GAMUT,GAM,BAROBO
Barangay,JAVIER,JAV,BAROBO
Barangay,KINAYAN,KIN,BAROBO
Barangay,MAMIS,MAM,BAROBO
Barangay,POBLACION,POB,BAROBO
Barangay,RIZAL,RIZ,BAROBO
Barangay,SAN JOSE,SJN,BAROBO
Barangay,SAN ROQUE,SRN,BAROBO
Barangay,SAN VICENTE,SVN,BAROBO
Barangay,SUA,SUA,BAROBO
Barangay,SUDLON,SUD,BAROBO
Barangay,TAMBIS,TAM,BAROBO
Barangay,UNIDAD,UNI,BAROBO
Barangay,WAKAT,WAK,BAROBO
Municipality,BAYABAS,BAY,SURIGAO DEL SUR
Barangay,AMAG,AMA,BAYABAS
Barangay,BALETE (POB.),BAL,BAYABAS
Barangay,CABUGO,CAB,BAYABAS
Barangay,CAGBAOTO,CAG,BAYABAS
Barangay,LA PAZ,LPX,BAYABAS
Barangay,MAGOBAWOK,MAG,BAYABAS
Barangay,PANAOSAWON,PAN,BAYABAS
Municipality,BISLIG CITY,BCS,SURIGAO DEL SUR
Barangay,BUCTO,BUC,BISLIG CITY
Barangay,BURBOANAN,BUR,BISLIG CITY
Barangay,CAGUYAO,CAG,BISLIG CITY
Barangay,COLETO,COL,BISLIG CITY
Barangay,COMAWAS,COM,BISLIG CITY
Barangay,KAHAYAG,KAH,BISLIG CITY
Barangay,LABISMA,LAB,BISLIG CITY
Barangay,LAWIGAN,LAW,BISLIG CITY
Barangay,MAHARLIKA,MAH,BISLIG CITY
Barangay,MANGAGOY,MAN,BISLIG CITY
Barangay,MONE,MON,BISLIG CITY
Barangay,PAMANLINAN,PAM,BISLIG CITY
Barangay,PAMAYPAYAN,PA1,BISLIG CITY
Barangay,POBLACION,POB,BISLIG CITY
Barangay,SAN ANTONIO,SAN,BISLIG CITY
Barangay,SAN FERNANDO,SFN,BISLIG CITY
Barangay,SAN ISIDRO (BAGNAN),SIN,BISLIG CITY
Barangay,SAN JOSE,SJN,BISLIG CITY
Barangay,SAN ROQUE (CADANGLASAN),SRN,BISLIG CITY
Barangay,SAN VICENTE,SVN,BISLIG CITY
Barangay,SANTA CRUZ,SCN,BISLIG CITY
Barangay,SIBAROY,SIB,BISLIG CITY
Barangay,TABON,TAB,BISLIG CITY
Barangay,TUMANAN,TUM,BISLIG CITY
Municipality,CAGWAIT,CAG,SURIGAO DEL SUR
Barangay,ARAS-ASAN,ARA,CAGWAIT
Barangay,BACOLOD,BAC,CAGWAIT
Barangay,BITAUGAN EAST,BET,CAGWAIT
Barangay,BITAUGAN WEST,BWT,CAGWAIT
Barangay,LA PURISIMA (PALHE),LPX,CAGWAIT
Barangay,LACTUDAN,LAC,CAGWAIT
Barangay,MAT-E,MAT,CAGWAIT
Barangay,POBLACION,POB,CAGWAIT
Barangay,TAWAGAN,TAW,CAGWAIT
Barangay,TUBO-TUBO,TUB,CAGWAIT
Barangay,UNIDAD,UNI,CAGWAIT
Municipality,CANTILAN,CAN,SURIGAO DEL SUR
Barangay,BUGSUKAN,BUG,CANTILAN
Barangay,BUNTALID,BUN,CANTILAN
Barangay,CABANGAHAN,CAB,CANTILAN
Barangay,CABAS-AN,CA1,CANTILAN
Barangay,CALAGDAAN,CAL,CANTILAN
Barangay,CONSUELO,CON,CANTILAN
Barangay,GENERAL ISLAND,GIN,CANTILAN
Barangay,LININTI-AN (POB.),LIN,CANTILAN
Barangay,LOBO,LOB,CANTILAN
Barangay,MAGASANG,MAG,CANTILAN
Barangay,MAGOSILOM (POB.),MA1,CANTILAN
Barangay,PAG-ANTAYAN,PAG,CANTILAN
Barangay,PALASAO,PAL,CANTILAN
Barangay,PARANG,PAR,CANTILAN
Barangay,SAN PEDRO,SPN,CANTILAN
Barangay,TAPI,TAP,CANTILAN
Barangay,TIGABONG,TIG,CANTILAN
Municipality,CARMEN,CAR,SURIGAO DEL SUR
Barangay,ANTAO,ANT,CARMEN
Barangay,CANCAVAN,CAN,CARMEN
Barangay,CARMEN (POB.),CAR,CARMEN
Barangay,ESPERANZA,ESP,CARMEN
Barangay,HINAPOYAN,HIN,CARMEN
Barangay,PUYAT,PUY,CARMEN
Barangay,SAN VICENTE,SVN,CARMEN
Barangay,SANTA CRUZ,SCN,CARMEN
Municipality,CARRASCAL,CA1,SURIGAO DEL SUR
Barangay,ADLAY,ADL,CARRASCAL
Barangay,BABUYAN,BAB,CARRASCAL
Barangay,BACOLOD,BAC,CARRASCAL
Barangay,BAYBAY (POB.),BAY,CARRASCAL
Barangay,BON-OT,BON,CARRASCAL
Barangay,CAGLAYAG,CAG,CARRASCAL
Barangay,DAHICAN,DAH,CARRASCAL
Barangay,DOYOS (POB.),DOY,CARRASCAL
Barangay,EMBARCADERO (POB.),EMB,CARRASCAL
Barangay,GAMUTON,GAM,CARRASCAL
Barangay,PANIKIAN,PAN,CARRASCAL
Barangay,PANTUKAN,PA1,CARRASCAL
Barangay,SACA (POB.),SAC,CARRASCAL
Barangay,TAG-ANITO,TAG,CARRASCAL
Municipality,CORTES,COR,SURIGAO DEL SUR
Barangay,BALIBADON,BAL,CORTES
Barangay,BURGOS,BUR,CORTES
Barangay,CAPANDAN,CAP,CORTES
Barangay,MABAHIN,MAB,CORTES
Barangay,MADRELINO,MAD,CORTES
Barangay,MANLICO,MAN,CORTES
Barangay,MATHO,MAT,CORTES
Barangay,POBLACION,POB,CORTES
Barangay,TAG-ANONGAN,TAG,CORTES
Barangay,TIGAO,TIG,CORTES
Barangay,TUBORAN,TUB,CORTES
Barangay,UBA,UBA,CORTES
Municipality,HINATUAN,HIN,SURIGAO DEL SUR
Barangay,BACULIN,BAC,HINATUAN
Barangay,BENIGNO AQUINO (ZONE I) POB.,BAN,HINATUAN
Barangay,BIGAAN,BIG,HINATUAN
Barangay,CAMBATONG,CAM,HINATUAN
Barangay,CAMPA,CA1,HINATUAN
Barangay,DUGMANON,DUG,HINATUAN
Barangay,HARIP,HAR,HINATUAN
Barangay,LA CASA (POB.),LCX,HINATUAN
Barangay,LOYOLA,LOY,HINATUAN
Barangay,MALIGAYA,MAL,HINATUAN
Barangay,PAGTIGNI-AN (BITOON),PAG,HINATUAN
Barangay,POCTO,POC,HINATUAN
Barangay,PORT LAMON,PLR,HINATUAN
Barangay,ROXAS,ROX,HINATUAN
Barangay,SAN JUAN,SJN,HINATUAN
Barangay,SASA,SAS,HINATUAN
Barangay,TAGASAKA,TAG,HINATUAN
Barangay,TAGBOBONGA,TA1,HINATUAN
Barangay,TALISAY,TAL,HINATUAN
Barangay,TARUSAN,TAR,HINATUAN
Barangay,TIDMAN,TID,HINATUAN
Barangay,TIWI,TIW,HINATUAN
Barangay,ZONE II (POB.),ZIN,HINATUAN
Barangay,ZONE III MAHARLIKA (POB.),ZI1,HINATUAN
Municipality,LANUZA,LAN,SURIGAO DEL SUR
Barangay,AGSAM,AGS,LANUZA
Barangay,BOCAWE,BOC,LANUZA
Barangay,BUNGA,BUN,LANUZA
Barangay,GAMUTON,GAM,LANUZA
Barangay,HABAG,HAB,LANUZA
Barangay,MAMPI,MAM,LANUZA
Barangay,NURCIA,NUR,LANUZA
Barangay,PAKWAN,PAK,LANUZA
Barangay,SIBAHAY,SIB,LANUZA
Barangay,ZONE I (POB.),ZIN,LANUZA
Barangay,ZONE II (POB.),ZI1,LANUZA
Barangay,ZONE III (POB.),ZI2,LANUZA
Barangay,ZONE IV (POB.),ZI3,LANUZA
Municipality,LIANGA,LIA,SURIGAO DEL SUR
Barangay,ANIBONGAN,ANI,LIANGA
Barangay,BAN-AS,BAN,LIANGA
Barangay,BANAHAO,BA1,LIANGA
Barangay,BAUCAWE,BAU,LIANGA
Barangay,DIATAGON,DIA,LIANGA
Barangay,GANAYON,GAN,LIANGA
Barangay,LIATIMCO,LIA,LIANGA
Barangay,MANYAYAY,MAN,LIANGA
Barangay,PAYASAN,PAY,LIANGA
Barangay,POBLACION,POB,LIANGA
Barangay,SAINT CHRISTINE,SCI,LIANGA
Barangay,SAN ISIDRO,SIN,LIANGA
Barangay,SAN PEDRO,SPN,LIANGA
Municipality,LINGIG,LIN,SURIGAO DEL SUR
Barangay,ANIBONGAN,ANI,LINGIG
Barangay,BARCELONA,BAR,LINGIG
Barangay,BOGAK,BOG,LINGIG
Barangay,BONGAN,BON,LINGIG
Barangay,HANDAMAYAN,HAN,LINGIG
Barangay,MAHAYAHAY,MAH,LINGIG
Barangay,MANDUS,MAN,LINGIG
Barangay,MANSA-ILAO,MA1,LINGIG
Barangay,PAGTILA-AN,PAG,LINGIG
Barangay,PALO ALTO,PAL,LINGIG
Barangay,POBLACION,POB,LINGIG
Barangay,RAJAH CABUNGSO-AN,RCJ,LINGIG
Barangay,SABANG,SAB,LINGIG
Barangay,SALVACION,SAL,LINGIG
Barangay,SAN ROQUE,SRN,LINGIG
Barangay,TAGPOPORAN,TAG,LINGIG
Barangay,UNION,UNI,LINGIG
Barangay,VALENCIA,VAL,LINGIG
Municipality,MADRID,MAD,SURIGAO DEL SUR
Barangay,BAGSAC,BAG,MADRID
Barangay,BAYOGO,BAY,MADRID
Barangay,LINIBONAN,LIN,MADRID
Barangay,MAGSAYSAY,MAG,MADRID
Barangay,MANGA,MAN,MADRID
Barangay,PANAYOGON,PAN,MADRID
Barangay,PATONG PATONG,PPT,MADRID
Barangay,QUIRINO (POB.),QUI,MADRID
Barangay,SAN ANTONIO,SAN,MADRID
Barangay,SAN JUAN,SJN,MADRID
Barangay,SAN ROQUE,SRN,MADRID
Barangay,SAN VICENTE,SVN,MADRID
Barangay,SONGKIT,SON,MADRID
Barangay,UNION,UNI,MADRID
Municipality,MARIHATAG,MAR,SURIGAO DEL SUR
Barangay,ALEGRIA,ALE,MARIHATAG
Barangay,AMONTAY,AMO,MARIHATAG
Barangay,ANTIPOLO,ANT,MARIHATAG
Barangay,AROROGAN,ARO,MARIHATAG
Barangay,BAYAN,BAY,MARIHATAG
Barangay,MAHABA,MAH,MARIHATAG
Barangay,MARARAG,MAR,MARIHATAG
Barangay,POBLACION,POB,MARIHATAG
Barangay,SAN ANTONIO,SAN,MARIHATAG
Barangay,SAN ISIDRO,SIN,MARIHATAG
Barangay,SAN PEDRO,SPN,MARIHATAG
Barangay,SANTA CRUZ,SCN,MARIHATAG
Municipality,SAN AGUSTIN,SAN,SURIGAO DEL SUR
Barangay,BRETANIA,BRE,SAN AGUSTIN
Barangay,BUATONG,BUA,SAN AGUSTIN
Barangay,BUHISAN,BUH,SAN AGUSTIN
Barangay,GATA,GAT,SAN AGUSTIN
Barangay,HORNASAN,HOR,SAN AGUSTIN
Barangay,JANIPAAN,JAN,SAN AGUSTIN
Barangay,KAUSWAGAN,KAU,SAN AGUSTIN
Barangay,OTEIZA,OTE,SAN AGUSTIN
Barangay,POBLACION,POB,SAN AGUSTIN
Barangay,PONG-ON,PON,SAN AGUSTIN
Barangay,PONGTOD,PO1,SAN AGUSTIN
Barangay,SALVACION,SAL,SAN AGUSTIN
Barangay,SANTO NIÃ‘O,SNN,SAN AGUSTIN
Municipality,SAN MIGUEL,SMN,SURIGAO DEL SUR
Barangay,BAGYANG,BAG,SAN MIGUEL
Barangay,BARAS,BAR,SAN MIGUEL
Barangay,BITAUGAN,BIT,SAN MIGUEL
Barangay,BOLHOON,BOL,SAN MIGUEL
Barangay,CALATNGAN,CAL,SAN MIGUEL
Barangay,CARROMATA,CAR,SAN MIGUEL
Barangay,CASTILLO,CAS,SAN MIGUEL
Barangay,LIBAS GUA,LGB,SAN MIGUEL
Barangay,LIBAS SUD,LSB,SAN MIGUEL
Barangay,MAGROYONG,MAG,SAN MIGUEL
Barangay,MAHAYAG (MAITUM),MAH,SAN MIGUEL
Barangay,PATONG,PAT,SAN MIGUEL
Barangay,POBLACION,POB,SAN MIGUEL
Barangay,SAGBAYAN,SAG,SAN MIGUEL
Barangay,SAN ROQUE,SRN,SAN MIGUEL
Barangay,SIAGAO,SIA,SAN MIGUEL
Barangay,TINA,TIN,SAN MIGUEL
Barangay,UMALAG,UMA,SAN MIGUEL
Municipality,TAGBINA,TAG,SURIGAO DEL SUR
Barangay,BATUNAN,BAT,TAGBINA
Barangay,CARPENITO,CAR,TAGBINA
Barangay,DOÃ‘A CARMEN,DCA,TAGBINA
Barangay,HINAGDANAN,HIN,TAGBINA
Barangay,KAHAYAGAN,KAH,TAGBINA
Barangay,LAGO,LAG,TAGBINA
Barangay,MAGLAMBING,MAG,TAGBINA
Barangay,MAGLATAB,MA1,TAGBINA
Barangay,MAGSAYSAY,MA2,TAGBINA
Barangay,MALIXI,MAL,TAGBINA
Barangay,MANAMBIA,MAN,TAGBINA
Barangay,OSMEÃ‘A,OSM,TAGBINA
Barangay,POBLACION,POB,TAGBINA
Barangay,QUEZON,QUE,TAGBINA
Barangay,SAN VICENTE,SVN,TAGBINA
Barangay,SANTA CRUZ,SCN,TAGBINA
Barangay,SANTA FE,SFN,TAGBINA
Barangay,SANTA JUANA,SJN,TAGBINA
Barangay,SANTA MARIA,SMN,TAGBINA
Barangay,SAYON,SAY,TAGBINA
Barangay,SORIANO,SOR,TAGBINA
Barangay,TAGONGON,TAG,TAGBINA
Barangay,TRINIDAD,TRI,TAGBINA
Barangay,UGOBAN,UGO,TAGBINA
Barangay,VILLAVERDE,VIL,TAGBINA
Municipality,TAGO,TA1,SURIGAO DEL SUR
Barangay,ALBA,ALB,TAGO
Barangay,ANAHAO BAG-O,ABA,TAGO
Barangay,ANAHAO DAAN,ADA,TAGO
Barangay,BADONG,BAD,TAGO
Barangay,BAJAO,BAJ,TAGO
Barangay,BANGSUD,BAN,TAGO
Barangay,CABANGAHAN,CAB,TAGO
Barangay,CAGDAPAO,CAG,TAGO
Barangay,CAMAGONG,CAM,TAGO
Barangay,CARAS-AN,CAR,TAGO
Barangay,CAYALE,CAY,TAGO
Barangay,DAYO-AN,DAY,TAGO
Barangay,GAMUT,GAM,TAGO
Barangay,JUBANG,JUB,TAGO
Barangay,KINABIGTASAN,KIN,TAGO
Barangay,LAYOG,LAY,TAGO
Barangay,LINDOY,LIN,TAGO
Barangay,MERCEDES,MER,TAGO
Barangay,PURISIMA (POB.),PUR,TAGO
Barangay,SUMO-SUMO,SUM,TAGO
Barangay,UMBAY,UMB,TAGO
Barangay,UNABAN,UNA,TAGO
Barangay,UNIDOS,UNI,TAGO
Barangay,VICTORIA,VIC,TAGO
Municipality,TANDAG CITY,TCN,SURIGAO DEL SUR
Barangay,AWASIAN,AWA,TANDAG CITY
Barangay,BAGONG LUNGSOD (POB.),BLG,TANDAG CITY
Barangay,BIOTO,BIO,TANDAG CITY
Barangay,BONGTOD POB. (EAST WEST),BPN,TANDAG CITY
Barangay,BUENAVISTA,BUE,TANDAG CITY
Barangay,DAGOCDOC (POB.),DAG,TANDAG CITY
Barangay,MABUA,MAB,TANDAG CITY
Barangay,MABUHAY,MA1,TANDAG CITY
Barangay,MAITUM,MAI,TANDAG CITY
Barangay,MATICDUM,MAT,TANDAG CITY
Barangay,PANDANON,PAN,TANDAG CITY
Barangay,PANGI,PA1,TANDAG CITY
Barangay,QUEZON,QUE,TANDAG CITY
Barangay,ROSARIO,ROS,TANDAG CITY
Barangay,SALVACION,SAL,TANDAG CITY
Barangay,SAN AGUSTIN NORTE,SAN,TANDAG CITY
Barangay,SAN AGUSTIN SUR,SA1,TANDAG CITY
Barangay,SAN ANTONIO,SA2,TANDAG CITY
Barangay,SAN ISIDRO,SIN,TANDAG CITY
Barangay,SAN JOSE,SJN,TANDAG CITY
Barangay,TELAJE,TEL,TANDAG CITY
